the_geom,longitude,the_geom_webmercator,avg_tech,latitude,houses,avg_unemp,cartodb_id,avg_index,avg_price,avg_basement,avg_sqft,avg_water_dist,avg_age,ind
0101000020E61000005401F73CFF915EC0C67E3FCA42A24740,-122.2812035,0101000020110F000043A7D4299FF669C15871885F94D55641,0.11,47.26766327,39,6.33,1,0.38,300029.36,0.26,2129.18,1.77,34.46,1
0101000020E610000066AF2DF2A18F5EC0A3785399FBA14740,-122.2442594,0101000020110F0000E58FAE169DF469C1422BC7453BD55641,0.08,47.26549069,33,6.58,2,0.25,222543.79,0.06,1629.12,2.08,29.18,2
0101000020E6100000DAFF006BD5935EC0A1DC53C516A24740,-122.309901,0101000020110F0000A0D6BE7C2EF869C1841896475DD55641,0.15,47.26631991,52,6.12,3,0.37,285974.27,0.27,1887.77,1.64,27.13,3
0101000020E6100000CC913AA6138C5EC08F54DFF945A24740,-122.1886993,0101000020110F0000F8342DF997F169C1AD885D5C98D55641,0.07,47.2677605,73,6.29,4,0.34,333021.34,0.1,2259.56,2.22,19.18,4
0101000020E6100000E70EACF424955EC05745559F6DA34740,-122.3303806,0101000020110F0000B87CA9754BF969C177892A6C0AD75641,0.16,47.27678291,24,6.1,5,0.45,302495.13,0.17,2015,1.15,26.75,5
0101000020E61000002374869801905EC01FCA6141ABBE4740,-122.2500974,0101000020110F0000CCA1F152EEF469C119E3D6B635F95641,0.11,47.4896013,53,5.81,108,0.55,256159.26,0.45,1606.98,0.42,57.68,108
0101000020E6100000CBFCFE28C58B5EC0AFCA2A114DBF4740,-122.1839087,0101000020110F000055DAFC4F55F169C11CFFC91901FA5641,0.15,47.4945394,62,5.65,109,0.53,293435.44,0.32,1637.02,0.37,56.15,109
0101000020E61000008C6F8335A9945EC00AE2F20EA6BF4740,-122.3228277,0101000020110F00001FEA8A5CE2F869C1865D10F770FA5641,0.11,47.4972552,39,6.08,110,0.57,238785.31,0.44,1454.62,0.41,66.77,110
0101000020E6100000A469F57A9C8E5EC0D5C832ED30BE4740,-122.2283008,0101000020110F0000F4229406BFF369C1723EB9F79BF85641,0.11,47.48586812,66,5.79,111,0.52,299940.27,0.47,1901.36,0.25,57.94,111
,,,,,,,112,,,,,,,112
0101000020E61000008B5242B0AA7A5EC09761D49C59B64740,-121.916668,0101000020110F000079C4D4ACCEE269C1EBF3AFACC2EE5641,0.12,47.42460976,51,5.72,114,0.46,506148.1,0.29,2399.41,1.74,36.76,113
0101000020E61000003A84E0A7E08A5EC04F6B0513A0BF4740,-122.1699619,0101000020110F0000D9BA5D3E93F069C16086587169FA5641,0.12,47.49707258,64,5.67,115,0.55,291192.11,0.16,1575.31,0.51,42.88,114
,,,,,,,113,,,,,,,
0101000020E610000067CCC930938B5EC07C934B88DEC74740,-122.1808588,0101000020110F0000D1C68FDF2AF169C159D1BD07C8045741,0.18,47.56147865,48,5.47,170,0.55,626334.29,0.54,2223.54,0.15,49.44,169
0101000020E61000004CCC6905BC895EC06EB6C1A285C94740,-122.1521009,0101000020110F000053107DB59AEF69C1CBD3E89CDC065741,0.23,47.57439074,47,5.26,171,0.56,470018.62,0.4,1666.38,0.42,60.38,170
0101000020E610000086B7BD9385935EC01B596401B4C84740,-122.3050279,0101000020110F0000D751ACADEAF769C1FF2843B9D4055741,0.13,47.56799333,30,5.77,172,0.52,408413.93,0.7,1824,0.33,36.5,171
0101000020E610000007EE409DF2825EC097518FE1EFC74740,-122.046058,0101000020110F00002ED4F420D7E969C1E75689DDDD045741,0.26,47.56200809,58,5.25,175,0.58,831264.26,0.36,3124.24,0.31,23.62,174
0101000020E61000000E38013C58995EC05CB0F1EC34C94740,-122.3960104,0101000020110F000084FFB0B1DCFC69C10D93310277065741,0.22,47.57192766,99,5.3,176,0.56,567754.42,0.61,1748.4,0.16,63.3,175
0101000020E61000003431B841C8935EC07F35C5EB93CC4740,-122.3090977,0101000020110F0000940E364F23F869C15BA5B1A9B50A5741,0.24,47.59826419,14,5.47,191,0.53,397735.64,0.71,1426.43,0.3,39.29,190
0101000020E6100000E1CE8591DE865EC04AD4EA2F64CD4740,-122.1073345,0101000020110F0000A6A78EC92BED69C1C48E88FCBB0B5741,0.23,47.60461997,62,5.29,208,0.57,734494.58,0.48,2125.97,0.13,49.69,207
0101000020E6100000DDD50682DB915EC090E0A18389CE4740,-122.2790227,0101000020110F0000F14D55D180F669C1D429D4802D0D5741,0.27,47.6135716,85,5.33,213,0.55,1054722.68,0.72,2495.61,0.09,74.49,212
0101000020E6100000830DF4F521885EC07CA2256E19CF4740,-122.1270728,0101000020110F00000923CC713EEE69C194CADDD2E20D5741,0.22,47.61796357,9,5.31,214,0.59,471333.33,0.33,1817.78,0.24,56.44,213
0101000020E610000080CC183012835EC0FEAB1AC655D04740,-122.0479851,0101000020110F0000EAB8B7F1F1E969C11E199970710F5741,0.3,47.62761761,123,5.11,225,0.61,594002.7,0.3,2410.89,0.34,31.41,224
0101000020E6100000E412471E088D5EC099EBFA2649D04740,-122.2036205,0101000020110F00009135D49967F269C1F897C888610F5741,0.32,47.62723243,117,5.48,226,0.53,1286630.34,0.44,2640.26,0.25,47.05,225
0101000020E6100000DCB4BEEDAE845EC0820693C9C6D14740,-122.0731768,0101000020110F00000F47307C50EB69C186975D8442115741,0.28,47.63887901,89,5.15,237,0.6,731962,0.29,2639.04,0.15,27.39,236
0101000020E6100000679E5C53208E5EC006A6AA3BDCD14740,-122.220723,0101000020110F00006D86C29455F369C1284D758C5D115741,0.28,47.63953348,73,5.47,238,0.54,1879180.82,0.52,3606.37,0.15,47.37,237
0101000020E61000003139FFC066885EC0C3FEE36B6CD24740,-122.1312716,0101000020110F0000F2BFDCDE78EE69C1D7E66E4D13125741,0.36,47.64393376,22,5.3,239,0.53,812549.05,0.32,2525.91,0.2,29.59,238
0101000020E610000020D5B0DF93975EC0FA2F0893FFD24740,-122.3684005,0101000020110F0000EB150D815CFB69C1477916CFCC125741,0.21,47.64842451,69,5.16,240,0.54,729926.74,0.74,1906.09,0.15,69.32,239
0101000020E6100000DE03745FCE895EC0DA903D4ABED24740,-122.153221,0101000020110F00009A09894BAAEF69C12BCECF817A125741,0.39,47.64643219,39,5.32,241,0.52,1040984.31,0.33,3336.92,0.66,36.23,240
0101000020E6100000F9CE79D76A865EC00E30353ACED14740,-122.1002711,0101000020110F00008F752580C9EC69C1F07316E54B115741,0.33,47.63910606,76,5.16,242,0.54,664163.68,0.53,2327.24,0.11,41.12,241
0101000020E6100000D7FA22A1AD985EC023FAEFA0DDD34740,-122.3855975,0101000020110F0000A4B79CCC4BFC69C19F60E6C4E4135741,0.19,47.65520107,63,5.18,243,0.53,566321.87,0.75,1698.57,0.11,47.78,242
0101000020E6100000272C96C7BF945EC05F515B34AED64740,-122.3242053,0101000020110F0000C8ACDC87F5F869C15B179F8071175741,0.23,47.6771913,63,5.24,269,0.55,673560.13,0.51,1808.94,0.1,57.87,268
0101000020E61000004A3261EA9D955EC0F4AEB46B46D64740,-122.3377634,0101000020110F000028E4D830B2F969C1B1344C98EE165741,0.24,47.67402407,43,5.18,270,0.56,760015.12,0.56,1906.05,0.12,91.35,269
0101000020E61000001E6B4606B9975EC087B033E878DC4740,-122.370668,0101000020110F0000BCB3640E7CFB69C104B23E93C01E5741,0.16,47.72243979,59,5.23,326,0.58,837954.49,0.54,2693.05,0.14,58.32,325
0101000020E6100000D1483AB915885EC085CA64DDE4DB4740,-122.1263259,0101000020110F0000892A2C0D34EE69C1C8FCC2AE051E5741,0.35,47.7179219,119,5.21,327,0.43,814090.82,0.16,3107.65,1.19,18.95,326
0101000020E6100000B6700FF832905EC050679368EEA34740,-122.2531109,0101000020110F00009E7BB44118F569C197F7F3A4ABD75641,0.1,47.28071315,33,6.57,6,0.29,208787.58,0.03,1559.52,1.81,44.18,6
0101000020E610000054782BA6AD8D5EC0F1C617279DA44740,-122.2137237,0101000020110F0000DCFEAF2FF4F269C14E48166B86D85641,0.13,47.28604592,32,6.87,7,0.3,218823.44,0.13,1458.38,1.78,51.63,7
0101000020E6100000F997EEBF5F965EC0187D813022A54740,-122.3495941,0101000020110F0000307D72D056FA69C1C53FA0FD2CD95641,0.11,47.29010588,49,6.29,8,0.5,327685.49,0.08,2275.41,0.86,20.63,8
0101000020E6100000CEF9CED490975EC0C02DED0E88A54740,-122.3682148,0101000020110F000008D28BEB59FB69C1D98A0E8CACD95641,0.15,47.29321467,55,6.6,9,0.53,240460.91,0.51,1736.82,0.69,35.27,9
0101000020E61000001874E72E2E8E5EC09CC0B67609A64740,-122.2215688,0101000020110F0000EB4CB05961F369C12C1A36984EDA5641,0.08,47.29716381,25,7.04,10,0.32,212411.8,0.12,1499.6,1.63,61.92,10
0101000020E610000063A2F77C038F5EC0B2902D89BBA44740,-122.2345879,0101000020110F00001AA4A28216F469C134779175ACD85641,0.13,47.28697314,6,6.65,11,0.29,210916.67,0.17,1505.67,1.89,54.67,11
0101000020E61000001F65C405208C5EC0F46F97FD3AA54740,-122.1894545,0101000020110F0000C8305E7BA2F169C139EF890B4CD95641,0.12,47.29086275,44,6.6,12,0.37,241258.86,0.32,1750,1.61,41.2,12
0101000020E6100000B39190ED21925EC0AA87A21F91A54740,-122.2833208,0101000020110F0000657E20A0BCF669C11B060EE6B7D95641,0.1,47.29349132,81,6.34,13,0.45,296710.93,0.16,1944.62,1.34,32.88,13
0101000020E61000008906CEBE17945EC02D8239596EA64740,-122.3139493,0101000020110F0000AD18B2D166F869C1947184EFCCDA5641,0.14,47.30024257,5,6.34,14,0.5,249600,0,2042.6,0.9,47.2,14
0101000020E61000006C8CE77DAD955EC01AD83232ABA64740,-122.3387141,0101000020110F0000FF0B746BBFF969C1724DEF2319DB5641,0.13,47.30209949,23,6.3,15,0.53,356182.61,0.52,2758.96,0.67,32.57,15
0101000020E61000009CA96B48B7945EC0C7D1E2AD6FA74740,-122.3236867,0101000020110F0000FF277E50EEF869C1C985583B0FDC5641,0.08,47.30809568,11,6.4,16,0.53,238795.45,0.18,1520,0.68,36.09,16
0101000020E610000071DB08D597975EC002D458EB59A74740,-122.3686421,0101000020110F00006732AFDD5FFB69C103AAFFF9F3DB5641,0.15,47.30743162,59,6.35,17,0.54,232584.95,0.44,1635.32,0.43,45.66,17
0101000020E610000097789B9287965EC02E53B4EE76A74740,-122.3520247,0101000020110F0000EBC4C9A278FA69C15AD41C5118DC5641,0.12,47.30831703,46,6.12,18,0.53,296683.83,0.2,2110.89,0.54,29.07,18
0101000020E610000090381A764E8D5EC0DDA60DC150A74740,-122.2079139,0101000020110F0000B954E157A3F269C1FF26307FE8DB5641,0.07,47.30715192,44,6.6,19,0.34,220737.5,0.23,1601.73,1.39,71.41,19
0101000020E6100000BB270F0B35995EC0B478EBDBCDA74740,-122.3938625,0101000020110F0000441F64CEBEFC69C1762B3E3385DC5641,0.16,47.31096982,92,6.1,20,0.54,278920.24,0.57,2046.13,0.41,35.32,20
0101000020E6100000E08A1FBEA78D5EC0F5DE319F20A94740,-122.2133632,0101000020110F0000867E812BEFF269C133B834952DDE5641,0.1,47.32130804,26,6.9,21,0.37,246230.31,0.12,1728.23,1.16,50.73,21
0101000020E6100000145AD6FDE38C5EC093F01008ECB74740,-122.2014155,0101000020110F0000092C20EB48F269C1D0A816E6BBF05641,0.12,47.43689061,57,5.81,74,0.52,315618.3,0.19,1907.89,0.89,36.58,74
0101000020E6100000DCF9D9232F925EC00B5DCB5C47B84740,-122.2841272,0101000020110F00008341B4D8C7F669C179CF0E942EF15641,0.11,47.43967781,26,5.76,75,0.49,256071.15,0.19,1542.31,1.02,56.65,75
0101000020E6100000CDA2C1B77A935EC0405DCDCF47A94740,-122.3043651,0101000020110F0000B899A174E1F769C10FE3DAAE5EDE5641,0.1,47.32250402,9,5.91,22,0.57,305494.44,0.56,1700,0.55,65,22
0101000020E6100000E90313C9A1985EC0948F38BF3CA94740,-122.3848746,0101000020110F0000900C7BBD41FC69C10764F1D150DE5641,0.1,47.32216635,60,6.05,23,0.55,309685.37,0.52,2129.45,0.16,40.2,23
0101000020E6100000DAC46E441C965EC0AF4DD7D140A94740,-122.3454753,0101000020110F0000B4375C801DFA69C176743AEC55DE5641,0.14,47.32229064,49,6.1,24,0.56,219081.43,0.29,1426.71,0.31,49.9,24
0101000020E61000001C727D691B925EC000D52E5C8CA94740,-122.2829231,0101000020110F00003E396E17B7F669C1AB1F8C91B4DE5641,0.08,47.32459595,51,6.04,25,0.53,280961.12,0.29,1719.82,0.8,36.98,25
0101000020E6100000F4F92823AE945EC0CEFFCC9C85A94740,-122.3231285,0101000020110F00000E3D0F8CE6F869C1E5503D1DACDE5641,0.1,47.32439003,41,6.18,26,0.57,230375.68,0.29,1519.27,0.42,45.32,26
0101000020E61000002183CB19C0905EC06FC727A603A94740,-122.2617249,0101000020110F0000D233B31E90F569C18745BB4809DE5641,0.09,47.32042386,50,6.08,27,0.49,316966.4,0.28,2130.96,1.05,34.18,27
0101000020E610000016F3188A60935EC008C8D96C13AB4740,-122.3027673,0101000020110F0000DF03E938CBF769C1889F399B9EE05641,0.1,47.33653031,31,6.09,28,0.59,227256.94,0.35,1484.19,0.41,49.29,28
0101000020E6100000A988D34936965EC01BF6F729F9AA4740,-122.3470635,0101000020110F00002D48E29933FA69C1F5A3FEB17DE05641,0.12,47.33572888,99,6.04,29,0.56,407327.81,0.64,2442.69,0.14,47.89,29
0101000020E610000054EEF4392D8F5EC0FD9C2743FAA94740,-122.2371354,0101000020110F0000E47366F539F469C1728831463EDF5641,0.11,47.3279499,4,6.43,30,0.33,221225,0.5,1905,1.49,99.5,30
0101000020E6100000025F76F4E48B5EC06E78CDED56AB4740,-122.1858493,0101000020110F00009ECAD65070F169C1BB639834F3E05641,0.11,47.33859036,81,6.26,31,0.55,351029.3,0.09,2447.04,0.61,18.01,31
0101000020E61000008EF85FF8D28D5EC01987C0B2CEAB4740,-122.2160016,0101000020110F00002BAD13E213F369C1D6588A5089E15641,0.11,47.34224543,40,6.33,32,0.4,262318.5,0,1744.75,0.92,12.78,32
0101000020E6100000C56691378A915EC0FD9196883FAC4740,-122.2740611,0101000020110F0000A30B01C73BF669C113F922BE16E25641,0.1,47.34568889,95,6.07,33,0.53,300869.96,0.36,2033.26,0.7,34.67,33
0101000020E610000064E190B26A935EC001FEE738D0AC4740,-122.3033873,0101000020110F000062297DD9D3F769C1FAB90A1CCCE25641,0.08,47.35010444,41,6.29,34,0.59,265445.1,0.34,1780.98,0.32,35.8,34
0101000020E6100000E86278912E855EC02EBA27D5DFAC4740,-122.0809673,0101000020110F0000923EB1E3BCEB69C172C78EADDFE25641,0.1,47.35058083,69,5.91,35,0.51,346151.12,0.14,2178.41,1.07,22.64,35
0101000020E6100000A6A3778519895EC0D4F7753BD6AC4740,-122.1421827,0101000020110F00003131A4B210EF69C11FD5B2A4D3E25641,0.15,47.35028785,42,5.91,36,0.6,304286.67,0.14,2084.76,0.17,19.5,36
0101000020E610000001023164D08B5EC06AC7265CBCAD4740,-122.1845942,0101000020110F0000D15DE4D95EF169C13DC9CD23F4E35641,0.11,47.35731079,58,6.12,37,0.57,283470.79,0.16,1826,0.39,26.24,37
0101000020E6100000480E22637F875EC0277576F09BAE4740,-122.1171501,0101000020110F00006495EB5EB4ED69C1B2E7C0760CE55641,0.12,47.36413389,66,5.72,38,0.57,303996.44,0.09,2069.55,0.42,24.05,38
0101000020E6100000536F57F92F945EC0C6A1C03308AE4740,-122.3154281,0101000020110F0000481983657BF869C12FC4103A53E45641,0.09,47.35962531,59,6.12,39,0.55,361544.07,0.39,1954.47,0.13,42.73,39
0101000020E610000040B4A04154835EC0940D317F01AF4740,-122.0520176,0101000020110F0000737F620E2AEA69C153CE0DCF8BE55641,0.1,47.36723318,74,6.11,40,0.5,298830.41,0.27,1853.53,1.29,27.45,40
0101000020E6100000A7A498CD2D915EC0431F0B55DAAE4740,-122.2684206,0101000020110F00008C01484AEDF569C1B567D9B25AE55641,0.08,47.36603797,53,6.13,41,0.52,280140.85,0.47,1930.85,0.62,40.62,41
0101000020E6100000ADFA5C6D45825EC0EB4540C73FAF4740,-122.0354875,0101000020110F0000CD7E780A44E969C19B8D8FE8D9E55641,0.15,47.36913386,87,5.89,42,0.46,345495.17,0.07,2163.86,1.48,20.64,42
0101000020E61000001D5A643B5F8E5EC0F60C7E6EAAAE4740,-122.2245625,0101000020110F0000AAF3EA018BF369C1498DB6A21EE55641,0.11,47.36457616,56,6.12,43,0.48,304756.7,0.36,1964.88,0.8,43.63,43
0101000020E6100000BF1A56A7398B5EC0421EA8F0F3AF4740,-122.1753939,0101000020110F00004C845DD4DEF069C1AEB2DDD7BBE65641,0.11,47.37463196,90,6.09,44,0.6,284066.4,0.29,1933.58,0.27,29.91,44
0101000020E610000053D3895F8C895EC06AEB33A999AF4740,-122.1491927,0101000020110F00006A5DD43D72EF69C1037ED09F4AE65641,0.11,47.37187686,89,6,45,0.61,369554.37,0.24,2289.49,0.17,31.08,45
0101000020E6100000B38BB333168D5EC05F2E3DF523B04740,-122.2044801,0101000020110F0000C79BEA8F73F269C15D279910F8E65641,0.14,47.37609735,22,6.11,46,0.52,293702.5,0.05,1957.36,0.7,36.95,46
0101000020E610000095BC9580738C5EC01CB6EBAD9AB04740,-122.1945497,0101000020110F000026339C61E9F169C1D32265F78CE75641,0.13,47.37972044,14,6.18,47,0.57,311624,0,2165.79,0.47,23.79,47
0101000020E610000002DB1C4270855EC0FF0E3D1076AF4740,-122.0849767,0101000020110F0000307412AEF4EB69C1E2CCABFB1DE65641,0.1,47.37079051,123,5.9,48,0.52,239892.43,0.21,1421.46,0.83,33.72,48
0101000020E610000014C31F8F2A875EC026C8A57DB5B04740,-122.1119726,0101000020110F0000A5CB81536CED69C1667F4F98AEE75641,0.09,47.38053866,55,5.82,49,0.58,313106.98,0.04,2086.55,0.49,25.31,49
0101000020E6100000E8A793C72E925EC0B960DB68A1B04740,-122.2841052,0101000020110F0000DECF558AC7F669C13A97656895E75641,0.09,47.37992583,43,6.24,50,0.54,255137.21,0.49,1826.74,0.58,49.81,50
0101000020E6100000A80826ED7C815EC050E7A3EF62B04740,-122.0232499,0101000020110F0000CFE066C199E869C1C1F6240D47E75641,0.13,47.37801929,123,6.15,51,0.47,344951.55,0.04,2070.45,1.44,14.14,51
0101000020E61000002435A3D5FF925EC0849919AAA0B04740,-122.2968649,0101000020110F000045B33D1779F769C13C76237994E75641,0.12,47.37990309,14,6.45,52,0.55,200442.86,0.29,1376.43,0.39,53.43,52
0101000020E61000000369B57691935EC0ACDE86BDF5B04740,-122.3057534,0101000020110F0000080111C6F4F769C14527D02EFFE75641,0.1,47.3824994,40,6.25,53,0.55,245447.88,0.2,1590.18,0.27,46.6,53
0101000020E6100000CD6CA1759E945EC0491AF57337B14740,-122.3221716,0101000020110F0000141F5E3BD9F869C18C51E89B51E85641,0.06,47.38450479,49,6.01,54,0.53,291167.35,0.2,1615.51,0.09,41.94,54
0101000020E610000001F15FC5CE8E5EC09CFCB37271B14740,-122.2313703,0101000020110F0000C406D3BCE9F369C10D8B7B5B9AE85641,0.11,47.38627466,18,6.07,55,0.4,211498.06,0.28,1453.89,1.01,68.78,55
0101000020E61000002F2D8FDAE98C5EC05EB8B57D76B24740,-122.2017733,0101000020110F0000DE76B0E54DF269C1465A33D6E1E95641,0.1,47.39424106,15,6.5,56,0.52,274266.67,0.33,1799.33,0.79,42.4,56
0101000020E610000071F37CBC468B5EC0D14F402C7EB24740,-122.1761924,0101000020110F0000A909CDF0E9F069C1F6FA6C79EBE95641,0.13,47.39447549,55,6.3,57,0.56,299445.33,0.25,1968.91,0.55,30.93,57
0101000020E6100000EF4B474A448C5EC0D46B0E6B85B24740,-122.1916681,0101000020110F0000CAD1B448C1F169C156F77990F4E95641,0.15,47.3946966,19,6.18,58,0.55,264783.68,0.58,1710.53,0.65,35.42,58
0101000020E6100000ADA7B11850935EC061B75BD41FB34740,-122.3017637,0101000020110F000019CDDC41BDF769C1955A854CB6EA5641,0.11,47.39940886,31,6.13,59,0.54,291071.77,0.55,1915.42,0.29,50.03,59
0101000020E6100000B9228CFA7F945EC060A3B45095B34740,-122.3203112,0101000020110F0000FFE83458BFF869C1411B3EB749EB5641,0.08,47.40299424,23,6.06,60,0.52,375419.57,0.48,2079.17,0.11,58.61,60
0101000020E61000009B1DA9BEF3915EC0A491E8C8BEB24740,-122.280502,0101000020110F00007E45EE6695F669C13ABFC9893CEA5641,0.11,47.39644729,2,6.16,61,0.56,226000,0.5,1745,0.57,51.5,61
0101000020E61000002651D43E428B5EC038E4137057B44740,-122.1759183,0101000020110F0000A9396520E6F069C17356D7503DEC5641,0.11,47.40891839,56,6.25,62,0.56,298496.11,0.41,1948.36,0.58,32.39,62
0101000020E61000009A67DB1FDE8D5EC0CE4E48631BB34740,-122.2166824,0101000020110F00005B1F3D5B1DF369C1ED31CFB9B0EA5641,0.13,47.39927331,35,6.03,63,0.46,328332.86,0.31,2189.77,0.96,38.34,63
0101000020E6100000312F76B19F8C5EC05627883657B44740,-122.1972469,0101000020110F0000B1D2A3E90EF269C14FC69F083DEC5641,0.1,47.40891153,42,6.09,64,0.51,282130.83,0.24,1800.95,0.86,35.67,64
0101000020E6100000C1C4C48B2A845EC04BAD182A56B24740,-122.0650968,0101000020110F000096C96B0DE0EA69C18FFFB947B9E95641,0.13,47.39325453,38,5.83,65,0.53,426261.84,0.26,2349.47,0.93,27,65
0101000020E61000003E552A4DEF8B5EC04C03DC7F26B64740,-122.1864808,0101000020110F0000E41F621A79F169C14D74148382EE5641,0.09,47.42304991,37,5.95,66,0.54,321235.14,0.11,1877.24,0.74,25.97,66
0101000020E6100000EDC094DC3C8A5EC0F702923428B64740,-122.1599647,0101000020110F00002F721A2208F069C1E3D946A784EE5641,0.09,47.42310197,49,5.82,67,0.6,298242.86,0.35,1722.04,0.32,37.1,67
0101000020E6100000CE8536A5618D5EC0ED76A49724B64740,-122.2090848,0101000020110F0000C04FE3A2B3F269C102983A1E80EE5641,0.14,47.42299171,37,6,68,0.48,325525.41,0.24,1970.76,1,39.92,68
0101000020E6100000E5E48FB3FA945EC06AC89131EBB54740,-122.3278016,0101000020110F00004CE7AF9227F969C14B504F1138EE5641,0.08,47.42124004,63,6.01,69,0.57,273343.84,0.4,1651.11,0.25,55.57,69
0101000020E6100000805BC1806F925EC043B367A666B64740,-122.2880556,0101000020110F0000D1318B82FEF669C1FE5C6F0AD3EE5641,0.11,47.42500763,36,6,70,0.52,331782.64,0.44,2057.78,0.75,50.94,70
0101000020E61000009E17DD30C0935EC0FCFF1753D9B54740,-122.3086054,0101000020110F00002C4787751CF869C1916544A321EE5641,0.1,47.42069472,26,6.02,71,0.53,223339.42,0.35,1388.65,0.33,55.15,71
0101000020E610000056719989D8875EC0F1AABD3E29B44740,-122.1225914,0101000020110F00000B500C1600EE69C14F86DB5803EC5641,0.11,47.4075087,52,5.95,72,0.6,366035.08,0.35,2264.62,0.4,30,72
0101000020E6100000EF47403B968F5EC0A9FA1196E3B44740,-122.2435444,0101000020110F00009222B12393F469C11FC7AE33EDEC5641,0.1,47.41319538,1,6.18,73,0.41,281000,0,1340,0.79,71,73
0101000020E61000009BAE27BA2E895EC095F661180BB84740,-122.143477,0101000020110F0000973E3AB522EF69C1C4D439E7E2F05641,0.11,47.4378386,34,5.63,76,0.62,389426.12,0.26,2380.15,0.23,32.24,76
0101000020E610000080CBAD5AE38A5EC0370076C913B84740,-122.1701266,0101000020110F0000FB7A108995F069C1C2F31FD1EDF05641,0.1,47.43810385,56,5.65,77,0.57,331704.04,0.34,2008.66,0.53,36.98,77
0101000020E61000001E424B0D23895EC0D60D88CE3AB94740,-122.1427644,0101000020110F00009D72C9CA18EF69C1F564D54960F25641,0.11,47.44710714,31,5.62,78,0.6,372331.94,0.48,2013.06,0.32,41.97,78
0101000020E61000004C0F54D76B8B5EC02807795EA6B94740,-122.1784571,0101000020110F000096402B7409F169C1AEC52A60E7F25641,0.11,47.45038968,29,5.51,79,0.52,239793.79,0.03,1263.21,0.75,55.24,79
0101000020E61000003B3F7BE445915EC020523ECA29B74740,-122.2698909,0101000020110F0000119CD1BF01F669C14C711E05C8EF5641,0.12,47.43096283,36,5.95,80,0.46,278728.56,0.53,1753.89,1.14,49.08,80
0101000020E6100000689D4C37E4945EC00A0F9A5DF7B84740,-122.3264292,0101000020110F0000E12CE47914F969C1809BF1970BF25641,0.09,47.445049,28,5.86,81,0.55,312560.71,0.21,1777.86,0.36,42.75,81
0101000020E610000082CD943119965EC0B35F77BA73B74740,-122.3452877,0101000020110F00006B4916E41AFA69C14DC682D924F05641,0.1,47.43321925,80,5.85,82,0.54,574009.38,0.5,2471.8,0.15,51.54,82
0101000020E610000079BEB04607825EC084D605B45BB74740,-122.0316941,0101000020110F0000050288410FE969C129BF83AF06F05641,0.14,47.43248606,38,5.65,83,0.48,508528.95,0.32,2473.95,1.19,40.71,83
0101000020E61000003EB0E3BF40865EC0D66F68C2DDB84740,-122.097702,0101000020110F0000AEF96FC0A5EC69C1BBDAED6FEBF15641,0.15,47.44426756,47,5.7,84,0.61,476537.23,0.34,2777.45,0.46,29.74,84
0101000020E6100000AC3C81B0D38A5EC09769E2BA35BA4740,-122.1691705,0101000020110F00001EE8383B88F069C12B077F6F9BF35641,0.1,47.45476471,54,5.55,85,0.54,278279.17,0.48,1661.11,0.7,49.24,85
0101000020E610000038FF0AF464935EC032A8DB7E9EB94740,-122.3030367,0101000020110F000095C292F8CEF769C131F7AF7CDDF25641,0.1,47.4501494,32,5.92,86,0.51,265746.56,0.16,1577.72,1.02,50.78,86
0101000020E6100000DDC4DA29678C5EC051E58B2833BA4740,-122.1937966,0101000020110F00008444E6E6DEF169C11CCF983498F35641,0.12,47.45468623,36,5.78,87,0.51,272297.22,0.33,1539.25,0.93,38.39,87
0101000020E6100000EB1D6E8786975EC04D6D6767EAB94740,-122.367586,0101000020110F000043B29E2B51FB69C151A72BD33CF35641,0.14,47.45246594,59,5.91,88,0.56,580547.71,0.63,2279.34,0.1,58.69,88
0101000020E61000003136BE405A885EC0E5DE91EB05BA4740,-122.1305086,0101000020110F0000C5B7E2406EEE69C19BC69E625FF35641,0.12,47.45330567,90,5.65,89,0.59,374382.31,0.23,2251.82,0.4,27.57,89
0101000020E61000003A8D599B6B8D5EC0EDB3D2BD31BA4740,-122.2096928,0101000020110F00008B4EB818BCF269C1D686006D96F35641,0.15,47.45464299,50,5.9,90,0.43,350661,0.48,2119.4,0.96,33.84,90
0101000020E6100000FF2268CC24935EC0CB70D103FEBB4740,-122.299121,0101000020110F0000B852F97B98F769C18BC7D09FD8F55641,0.1,47.46868942,7,6.15,91,0.51,233307.14,0.43,1574.29,0.89,66.71,91
0101000020E61000003E682C5041965EC05268D5BE6BBB4740,-122.3477364,0101000020110F00009C7CE7F63CFA69C16999E4DC20F55641,0.12,47.46422563,64,5.79,92,0.57,305402.89,0.38,1550.94,0.27,61.31,92
0101000020E6100000BEFD1422BB945EC0FA3EE278BABB4740,-122.3239217,0101000020110F0000CA889D95F1F869C1C2A85AC483F55641,0.08,47.46662818,9,5.76,93,0.52,291766.67,0.33,1631.11,0.58,65.33,93
0101000020E6100000AC9223F8BA915EC03D5B8B3F9FBB4740,-122.2770367,0101000020110F0000ECC6C12E65F669C15EC3AA9061F55641,0.1,47.46579737,18,6.01,94,0.46,274019.44,0.22,1723.33,0.92,52.56,94
0101000020E61000001391ABA2898A5EC0702664EF5EBB4740,-122.1646506,0101000020110F000040CE535649F069C1BFF70CC510F55641,0.11,47.46383469,44,5.56,95,0.51,311820.45,0.5,1894.55,0.77,41.39,95
0101000020E6100000B6E67DD23F8C5EC0C482D2825DBC4740,-122.1913954,0101000020110F00003CB5497DBDF169C1B7E8419B50F65641,0.12,47.47160373,32,5.63,96,0.52,324860.75,0.22,1713.13,0.71,46.84,96
0101000020E61000000AB31A5C04845EC078BF238D7EBB4740,-122.0627661,0101000020110F0000BE3DF29EBFEA69C182B3FB7C38F55641,0.14,47.46479954,38,5.68,97,0.51,497311.84,0.24,2259.47,1.15,39.08,97
0101000020E6100000D33DA18D928F5EC0FA0F868DF4BA4740,-122.2433199,0101000020110F0000A503F90390F469C1BF3955218BF45641,0.12,47.46058816,25,5.95,98,0.44,279344.68,0.36,1740.4,0.83,59.36,98
0101000020E610000085DF974487895EC0DB14F2B525BD4740,-122.1488811,0101000020110F00006F34D7E76DEF69C1F7CB2B294CF75641,0.14,47.47771334,95,5.57,99,0.49,418450.61,0.13,2151.47,0.9,29.89,99
0101000020E61000006405BF0D318B5EC051A1FCD5CABD4740,-122.174869,0101000020110F0000FCD78D86D7F069C1FB8759AA1BF85641,0.13,47.48275256,51,5.62,100,0.51,359830.39,0.22,2127.65,0.63,26.27,100
0101000020E61000008450943A37935EC0A8A53D4E66BD4740,-122.3002459,0101000020110F0000AD8E1E23A8F769C1A721E8549DF75641,0.1,47.47968462,44,6.13,101,0.52,226447.73,0.34,1486.82,0.67,62.73,101
0101000020E610000056009D9328975EC044B3FC0AE3BC4740,-122.3618516,0101000020110F0000A47F676001FB69C16F006A63F8F65641,0.16,47.4756788,30,5.85,102,0.57,581836.67,0.63,2475.43,0.09,62.97,102
0101000020E6100000B0F380C3D5955EC0405C0741A6BD4740,-122.3411721,0101000020110F00006430669FE1F969C186896EB1EDF75641,0.15,47.48163617,61,5.94,103,0.58,238007.98,0.28,1383.61,0.31,64.51,103
0101000020E6100000A327C00BB6945EC0F2B26832CABD4740,-122.3236112,0101000020110F0000177F8B43EDF869C1449CC7DC1AF85641,0.1,47.48273306,54,6.05,104,0.55,229088.43,0.26,1285.93,0.5,58.39,104
0101000020E6100000A03715A930935EC074E8DB1FFBBE4740,-122.299845,0101000020110F0000121D068FA2F769C1C5B4171A9AF95641,0.1,47.49203871,31,5.92,105,0.55,230821.77,0.32,1460.65,0.37,67.55,105
0101000020E61000005A7F4B00FE915EC0ED44AC725FBE4740,-122.281128,0101000020110F00005CFEE11C9EF669C1ADDF936FD6F85641,0.09,47.48728784,17,6.2,106,0.46,237388.24,0.41,1512.94,0.66,67.76,106
0101000020E61000006589737918875EC05A7AB80DB8BD4740,-122.1108688,0101000020110F0000D24486F75CED69C1C579C80F04F85641,0.12,47.48217937,101,5.6,107,0.5,426129.84,0.22,2197.13,0.98,32.39,107
0101000020E61000005FF12FDDFF955EC02D46FA40B4BF4740,-122.3437417,0101000020110F000037A3E36005FA69C1EF5844CF82FA5641,0.13,47.49768841,50,6.02,116,0.57,252395.14,0.24,1501.2,0.38,54.34,115
0101000020E61000009631F43E44975EC0D3393754A9BF4740,-122.3635404,0101000020110F0000BCA549E018FB69C153D08E1375FA5641,0.14,47.49735501,61,5.94,117,0.56,368773.77,0.49,1742.75,0.2,62.21,116
0101000020E6100000FCF03D6D1E8F5EC03A0D6A22E0BF4740,-122.2362321,0101000020110F000091BEA4632DF469C1606EA4F8B9FA5641,0.12,47.49902754,77,5.86,118,0.56,330631.49,0.51,1881.69,0.16,59.66,117
0101000020E61000005F0839EFFF955EC0E0F60489EDC04740,-122.343746,0101000020110F0000F5EE347005FA69C1483C5DA90CFC5641,0.1,47.507249,36,6.21,119,0.57,227451.39,0.22,1273.33,0.46,69.14,118
0101000020E6100000F3EFE9A001895EC0E4D70FB1C1BF4740,-122.1407244,0101000020110F000062BDD967FCEE69C19944B4B393FA5641,0.13,47.4980985,113,5.58,120,0.53,428127.24,0.04,2310.18,0.81,20.8,119
0101000020E6100000864BD8C83F975EC0C36A24F0A4C14740,-122.3632681,0101000020110F0000BB4E4B1615FB69C1BC9E0544F3FC5641,0.11,47.51284601,40,6.13,121,0.55,285966.95,0.2,1441.75,0.39,51.9,120
0101000020E61000008FED6B135D985EC0AA68E6A8A7C14740,-122.3806809,0101000020110F00008346956207FC69C158C925B0F6FC5641,0.16,47.51292907,61,5.49,122,0.58,394580.95,0.26,1418.69,0.19,67.02,121
0101000020E61000008841AA72EB895EC02184D3C433C14740,-122.1549956,0101000020110F0000B0B70EFDC2EF69C1B2D9C8F764FC5641,0.18,47.50939236,57,5.65,123,0.54,445495.98,0.3,2257.89,0.68,31.91,122
0101000020E610000047E3F50599955EC0EE47E581A3C14740,-122.3374648,0101000020110F0000C7CF2A09AEF969C117027E77F1FC5641,0.1,47.51280235,38,6.08,124,0.57,247092.11,0.24,1328.95,0.41,49.05,123
0101000020E61000001FAADF3B20905EC0E34B2C1915C14740,-122.2519674,0101000020110F0000415D4D5808F569C1F4D69B673EFC5641,0.11,47.50845637,91,5.95,125,0.56,329533.8,0.58,1690.77,0.21,62.93,124
0101000020E6100000E8B6E974C58D5EC0B38A696C50BF4740,-122.2151768,0101000020110F00006B6AF46708F369C160E0DA5105FA5641,0.13,47.49464183,21,5.74,126,0.46,346185.71,0.19,1522.38,0.36,89.62,125
0101000020E61000008A833A9BC4985EC005D61643DEC04740,-122.3869999,0101000020110F0000D85246505FFC69C100337175F9FB5641,0.17,47.5067829,38,5.45,127,0.56,648757.63,0.58,2108.68,0.08,63.97,126
0101000020E6100000D4B25A0556975EC0BDD41929A5C24740,-122.3646253,0101000020110F0000FBB5F1F827FB69C1767CCC7835FE5641,0.13,47.5206653,57,6.12,128,0.55,282588.16,0.42,1209.3,0.4,57.6,127
0101000020E610000093B4D1EFB18B5EC0C43E643E5EC14740,-122.1827354,0101000020110F0000F63D6EFC44F169C16252D05F9AFC5641,0.16,47.51068859,120,5.61,129,0.56,382076.29,0.25,1973.97,0.29,38.29,128
0101000020E61000000586AC6EF5935EC014D16D914DC14740,-122.311855,0101000020110F000013A154AD49F869C1373E226885FC5641,0.11,47.51017969,30,6.06,130,0.53,267755.57,0.63,1718,0.16,60.8,129
0101000020E6100000BD91D49D82925EC0697BCB074AC14740,-122.2892222,0101000020110F00001AE13BBE0EF769C1D8926BF580FC5641,0.1,47.51007173,15,6.08,131,0.47,231770,0.27,1488,0.43,61.07,130
0101000020E6100000E44636FC93905EC0EDD9EF60F6C24740,-122.2590323,0101000020110F000030740EA76AF569C14C9C9D9D9BFE5641,0.11,47.52314388,80,6.19,132,0.51,320198.81,0.39,1514.65,0.09,67.91,131
0101000020E610000048540328218D5EC04363BBB52BC14740,-122.2051487,0101000020110F000079849EDD7CF269C1BD27C3D55AFC5641,0.14,47.50914642,56,5.7,133,0.51,568074.39,0.41,2167.86,0.15,49.98,132
0101000020E61000002E28C23C1A925EC06071590195C24740,-122.2828514,0101000020110F000021E50418B6F669C16F12A02721FE5641,0.09,47.52017228,40,6.28,134,0.52,300755,0.63,1723.5,0.24,56.6,133
0101000020E6100000F6DECE74E57D5EC05F1E7C72DEBE4740,-121.9671299,0101000020110F0000575368D98CE569C18A068E0E76F95641,0.16,47.49116355,79,5.55,135,0.45,550563.04,0.56,2737.09,1.84,34.89,134
0101000020E610000055AF11772B975EC04AD85469CDC34740,-122.3620279,0101000020110F0000F0A06CD403FB69C172D01913AAFF5641,0.11,47.52970616,50,6.14,136,0.54,299048.56,0.44,1313,0.41,57.9,135
0101000020E6100000676490BB08985EC0BFDCA30EDDC34740,-122.375533,0101000020110F000000989CC0BFFB69C1748024C1BDFF5641,0.18,47.53018363,89,5.79,137,0.59,390576.54,0.47,1388.43,0.27,73.37,136
0101000020E6100000F25F200810965EC0C3874CD882C34740,-122.3447285,0101000020110F00009770171C13FA69C15F0BC3484CFF5641,0.15,47.52743057,94,5.87,138,0.57,309731.49,0.54,1515.33,0.35,64.69,137
0101000020E6100000C3ADCCA502995EC0D15D6D20B8C34740,-122.3907866,0101000020110F00008BE2580194FC69C1BEA6514D8FFF5641,0.2,47.5290566,129,5.52,139,0.56,569952.22,0.66,1858.36,0.13,60.53,138
0101000020E610000007FF6CF566835EC00F82E90FA8C04740,-122.0531591,0101000020110F000009C2A9F039EA69C16CF8A650B5FB5641,0.13,47.50512885,66,5.46,140,0.52,541416.77,0.55,2345.83,0.93,42.89,139
0101000020E61000000F4B5EF89C8E5EC0F0AAA4A108C44740,-122.2283307,0101000020110F000058D21671BFF369C18E009B90F4FF5641,0.23,47.53151341,62,5.74,141,0.57,1239470,0.58,3201.94,0.08,42.61,140
0101000020E610000040A61023DF945EC025AFAD23B7C34740,-122.3261192,0101000020110F00001F1A9A2910F969C1991A680F8EFF5641,0.13,47.52902647,28,6.09,142,0.49,261476.79,0.36,1448.93,0.11,84.32,141
0101000020E61000009E730179C0915EC0F3C0CFD10DC54740,-122.2773726,0101000020110F000080D14EDB69F669C12ABB02223D015741,0.13,47.53948424,43,6.52,143,0.51,314221.26,0.49,1566.51,0.21,73.65,142
0101000020E6100000899D842D51925EC053113CF8E8C44740,-122.2862047,0101000020110F0000B54F39C1E4F669C1A3E409C60E015741,0.14,47.53835967,31,6.33,144,0.51,355216.13,0.55,1773.55,0.34,29.68,143
0101000020E6100000365C3F5821935EC04F12224B2CC54740,-122.2989102,0101000020110F00001FA20E8D95F769C1E7A6B47863015741,0.1,47.54041423,30,6.25,145,0.53,318498.93,0.37,1583.93,0.33,43.83,144
0101000020E6100000B8BE5994A3905EC0DDE5E8120AC54740,-122.2599841,0101000020110F00004FBB94E577F569C10E81A56B38015741,0.15,47.53936993,55,6.08,146,0.53,543872.13,0.6,1987.95,0.09,60.4,145
0101000020E6100000817B9E3F6D975EC0FBFF9B8B7DC54740,-122.366043,0101000020110F0000BDD51BB33BFB69C114003EB2C9015741,0.13,47.54289384,50,6.25,147,0.54,345782.3,0.52,1502,0.35,41.76,146
0101000020E6100000E75A0FBADF975EC06CB498AFFDC54740,-122.3730302,0101000020110F0000350514ED9CFB69C17DD52CEC6A025741,0.14,47.54680438,53,6.08,148,0.56,351269.81,0.47,1456.04,0.35,20.72,147
0101000020E6100000E94999D450865EC0607E5D3C72C34740,-122.0986835,0101000020110F00006B8DC268B3EC69C1F186C96437FF5641,0.19,47.5269237,117,5.36,149,0.61,731773.51,0.69,2890.85,0.49,12.97,148
0101000020E6100000CDAD105663895EC0F84B936BEDC34740,-122.146688,0101000020110F00003A2087634FEF69C164DE3456D2FF5641,0.2,47.53068299,51,5.42,150,0.59,988074,0.18,3773.53,0.74,15.51,149
0101000020E61000006474401276945EC09CCDBAB166C54740,-122.3197065,0101000020110F00000C4821EEB6F869C11E3E41F2AC015741,0.15,47.54219648,11,5.79,151,0.49,304336.36,0.45,1466.36,0.13,56.73,150
0101000020E610000028A490BF0F8C5EC06412E45677C44740,-122.1884612,0101000020110F00001BD902A994F169C10BFF9AD37F005741,0.17,47.53489195,107,5.66,152,0.57,579559.98,0.36,2437.64,0.22,31.58,151
0101000020E6100000D58338C519995EC04B08D29C27C64740,-122.3921979,0101000020110F000064A9B6A4A7FC69C1272D5FAD9F025741,0.19,47.54808388,132,5.61,153,0.55,550322.54,0.54,1634.92,0.16,63.19,152
0101000020E610000043FDD3B25A8E5EC0874C1A1F3DC64740,-122.2242858,0101000020110F00008A1F402887F369C14FFBD6BDBA025741,0.23,47.54874028,58,5.58,154,0.55,1191880.69,0.57,3073.55,0.09,46.79,153
0101000020E610000052FD39BBEB925EC07821C264CFC64740,-122.2956379,0101000020110F0000DC7C640468F769C1F6086BCD72035741,0.14,47.55320415,45,6.32,155,0.53,386409.96,0.73,1868.89,0.39,60,154
0101000020E6100000075850BDDA935EC092898484E2C64740,-122.3102258,0101000020110F0000FF76C10133F869C1D9BB45DE8A035741,0.11,47.55378777,44,5.99,156,0.52,365612.84,0.61,1600.45,0.35,73.95,155
0101000020E610000089C44EC216925EC08C82E0F1EDC64740,-122.2826391,0101000020110F0000B34FC223B3F669C14877983F99035741,0.14,47.5541365,74,6.19,157,0.52,407441.91,0.46,1516.62,0.26,76.93,156
0101000020E61000009D418D8C1F835EC0479CA1FAFFC44740,-122.0488006,0101000020110F0000750AB64AFDE969C11ECC75B82B015741,0.13,47.53906186,44,5.37,158,0.46,479053.8,0.2,1787.95,0.66,47.89,157
0101000020E6100000C4888E2E80965EC0AB88C36725C64740,-122.3515736,0101000020110F0000E579DE5B72FA69C1ABF65FE69C025741,0.14,47.54801652,86,5.94,159,0.54,345455.8,0.64,1630.58,0.2,37.6,158
0101000020E6100000951007640A895EC029F4343F82C64740,-122.1412592,0101000020110F00003B83EDD803EF69C1FBCD27B911035741,0.21,47.55084982,89,5.35,160,0.64,896366.04,0.52,3054.72,0.59,29.84,159
0101000020E6100000F4EAD27597905EC01B71D8E8E2C64740,-122.2592444,0101000020110F0000D7A69A9A6DF569C120B4865C8B035741,0.15,47.55379973,89,5.96,161,0.54,526354.27,0.61,1854.04,0.12,70.48,160
0101000020E610000084FF63D7AC985EC0732103375AC74740,-122.3855494,0101000020110F000065EB44214BFC69C13FC7898021045741,0.19,47.55744064,76,5.58,162,0.56,493772.3,0.68,1692.91,0.23,56.91,161
0101000020E6100000E4E3C924D98A5EC092B5021AD7C44740,-122.1695034,0101000020110F0000032916DD8CF069C109927F4BF8005741,0.22,47.53781438,56,5.57,163,0.59,522779.46,0.5,2096.25,0.37,41.64,162
0101000020E6100000C0E0E4C8148A5EC0582914541AC84740,-122.1575186,0101000020110F00001D438C18E6EF69C1B1396C4A13055741,0.22,47.56330348,72,5.43,164,0.61,965526.67,0.72,2921.81,0.45,41.39,163
0101000020E61000001DA55C2BEB865EC0252F9D9C42C74740,-122.1081036,0101000020110F00009274437D36ED69C1DEEB39CC03045741,0.23,47.55672033,107,5.33,165,0.69,1060528.26,0.36,3703.03,0.37,24.91,164
0101000020E6100000F2D885D58E885EC023198B095EC84740,-122.1337179,0101000020110F0000CB5121E99AEE69C159117A8368055741,0.27,47.56536979,60,5.25,166,0.65,722650.98,0.62,2709,0.37,37.03,165
0101000020E61000009C977961A1915EC04699AA078EC84740,-122.2754749,0101000020110F000037A546734FF669C170AD21ECA4055741,0.18,47.56683441,107,5.91,167,0.51,486849.99,0.53,1738.88,0.15,56.21,166
0101000020E6100000CD32D5DD86805EC01EB216D9ADC84740,-122.0082316,0101000020110F00003C8BDBC6C8E769C1934116F9CC055741,0.28,47.56780542,111,5.36,168,0.55,585657.59,0.01,2179.28,0.69,24.6,167
0101000020E61000003EDAEED4128E5EC0F572D00C7FC84740,-122.2198994,0101000020110F00005A94E91E4AF369C104341F1192055741,0.22,47.56637726,79,5.43,169,0.56,1249925.67,0.57,3359.49,0.09,42.34,168
0101000020E6100000CE52B29C84985EC0E4A320D335C94740,-122.383094,0101000020110F00001FCB95F628FC69C1BCBBF52378065741,0.21,47.5719551,99,5.38,173,0.57,543472.88,0.62,1705.71,0.27,74.85,172
0101000020E6100000C50FDFD3E6815EC08E83013A82D74740,-122.0297136,0101000020110F00006A178CB2F3E869C106BFF7F57C185741,0.34,47.6836617,145,5.12,289,0.52,649189.97,0.01,2652.03,1.08,13.37,288
0101000020E6100000A5DB12B9E0945EC08008D40F28D94740,-122.326216,0101000020110F0000F1DA6C8211F969C10D1C9830911A5741,0.18,47.69653509,51,5.55,290,0.58,475792.2,0.51,1504.76,0.28,65.14,289
0101000020E6100000CBEE6E0AD0935EC067B47657CDC94740,-122.3095728,0101000020110F000006A79FEB29F869C19DA6CDE236075741,0.12,47.57657903,35,5.44,174,0.54,408569.8,0.63,1626,0.34,72.43,173
0101000020E61000007DE65196469A5EC0D3D87F1963C94740,-122.4105583,0101000020110F0000F2CD9020A7FD69C17371B022B1065741,0.16,47.57333678,69,5.3,177,0.52,703767.36,0.74,2055.94,0.06,53.54,176
0101000020E610000040344E9E8D855EC0134094DC9FC84740,-122.0867687,0101000020110F000001B4939D0DEC69C17B8A235EBB055741,0.22,47.56737859,41,5.04,178,0.51,723316.95,0.37,2373.9,0.06,33.73,177
0101000020E6100000870F913F3D815EC06DD5858A37CA4740,-122.0193633,0101000020110F0000399576AC63E869C1E7BE4E97BC075741,0.28,47.57981998,66,5.17,179,0.55,598140.59,0.08,2335.61,0.59,26.32,178
0101000020E6100000379902E3AA7D5EC0851F2088C1C64740,-121.9635551,0101000020110F000084932B1B5BE569C105D6D65B61035741,0.25,47.55278112,238,5.39,180,0.57,648767.57,0.31,2453.82,0.97,13.27,179
0101000020E61000005F419AB1E88D5EC08C90701063CA4740,-122.2173275,0101000020110F000093B13A5526F369C135829763F3075741,0.2,47.5811482,26,5.52,181,0.56,1212241.38,0.62,3283.85,0.13,39.12,180
0101000020E61000003F389F3AD6835EC002C85C5B70CA4740,-122.0599505,0101000020110F00004C31267198EA69C1F508212004085741,0.32,47.58155386,57,5.14,182,0.57,782351.11,0.37,2731.51,0.24,30.28,181
0101000020E61000003398D06E3E875EC0A668401853CA4740,-122.1131856,0101000020110F00008EFF7B347DED69C1932B4C48DF075741,0.22,47.58066085,42,5.37,183,0.55,868582.26,0.69,2678.81,0.09,45.52,182
0101000020E6100000B58993FB1D925EC09023292B7ECA4740,-122.28308,0101000020110F000004ED5746B9F669C1D875008415085741,0.2,47.58197536,118,5.59,184,0.53,741396.24,0.69,2314.81,0.1,76.21,183
0101000020E610000099863CDDD4935EC075D93BE549CB4740,-122.3098672,0101000020110F00000EA157042EF869C10FF99B0A16095741,0.2,47.58819261,52,5.46,185,0.52,431527.79,0.63,1526.35,0.32,43.33,184
0101000020E61000008BD2EF0C64895EC0812EAF961ACB4740,-122.1467316,0101000020110F0000F33DD7FE4FEF69C1FB72BA78DA085741,0.21,47.58674892,32,5.33,186,0.56,562404.06,0.31,2008.44,0.41,52.69,185
0101000020E610000095771F91807F5EC0968B00C014CB4740,-121.9922221,0101000020110F000027EB6F01EAE669C100979E1ED3085741,0.29,47.58657074,56,5.13,187,0.5,745213.55,0.09,3066.2,1.06,21.73,186
0101000020E610000053639D8518975EC0D18D55EF95C94740,-122.3608717,0101000020110F00002202C8BDF3FA69C10CB1D321F1065741,0.17,47.57488815,78,5.63,188,0.53,448315.18,0.63,1692.82,0.18,63.58,187
0101000020E6100000C416CCA92E955EC03A3AF062C8C94740,-122.3309731,0101000020110F00002C9447B453F969C13727C8A530075741,0.13,47.57642781,11,5.65,189,0.53,432026.18,0.82,1909.09,0.36,63.55,188
0101000020E61000009AFFA1AAD3985EC0FCCAFFBB70CB4740,-122.3879191,0101000020110F000010B5AB1A6CFC69C1BCD314F346095741,0.23,47.58937788,71,5.37,190,0.56,728827.38,0.68,2113.17,0.09,63.21,189
0101000020E6100000BA7DFBDF36925EC0C8E269BF56CC4740,-122.2845993,0101000020110F000047106E6ACEF669C1F142199E680A5741,0.21,47.59639733,92,5.44,192,0.55,621175.01,0.61,1800.83,0.13,52.36,191
0101000020E61000002112CF23108B5EC081EE686FB2CB4740,-122.1728601,0101000020110F0000D4226792BBF069C1C640A5AF99095741,0.22,47.59138291,65,5.53,193,0.52,720057.03,0.55,2356.31,0.36,51.03,192
0101000020E61000006C674E4D38885EC0B13B3833D5CC4740,-122.1284364,0101000020110F000033E33E6B51EE69C128E6DFE1070B5741,0.23,47.60025635,72,5.51,194,0.56,494833.43,0.47,1808.06,0.23,54.42,193
0101000020E61000001A749DA1138C5EC0211C794140CC4740,-122.1886982,0101000020110F0000B01542F597F169C19903614A4C0A5741,0.32,47.59571093,27,5.4,195,0.51,874370.37,0.52,2162.96,0.19,49.74,194
0101000020E6100000B4CFBE4DDA895EC096F2D6D0B8CC4740,-122.1539492,0101000020110F00004FEE8B6DB4EF69C1AFF8B821E40A5741,0.25,47.59939013,43,5.29,196,0.51,621120.7,0.42,2188.67,0.55,42.53,195
0101000020E610000033C005D9B2935EC0DB4225E88ECD4740,-122.307791,0101000020110F0000E914742011F869C1DB345ECCF10B5741,0.21,47.60592367,64,5.42,197,0.55,502047.34,0.47,1614.23,0.33,51.48,196
0101000020E61000008CD24AC6D68C5EC0FBEBB2EBA0CA4740,-122.2006088,0101000020110F0000C0D47AB13DF269C1E0E6A94541085741,0.26,47.58303591,103,5.4,198,0.52,1294370.73,0.44,2989.66,0.08,40.29,197
0101000020E6100000B80EC4680C935EC02EB022FEBCCD4740,-122.2976324,0101000020110F0000F5693FC583F769C1E2591BDA2B0C5741,0.23,47.6073301,60,5.31,199,0.56,557957.72,0.53,1778.33,0.2,81.15,198
0101000020E61000008F9F32A344945EC00E86D781B5CD4740,-122.3166893,0101000020110F0000D34A30F28CF869C157C2276C220C5741,0.21,47.60710166,16,5.38,200,0.54,546961.31,0.31,1548.44,0.35,66.94,199
0101000020E6100000AD9E3825C58F5EC032EC6AD186CB4740,-122.2464078,0101000020110F00001667C3FBBAF469C135EB4CC262095741,0.19,47.59005182,57,5.55,201,0.54,1062004.25,0.46,2606.33,0.09,49.81,200
0101000020E61000002AC93A1C5D815EC0CE2B091628CD4740,-122.021308,0101000020110F0000786EEBBB7EE869C1A2BB4448700B5741,0.3,47.60278583,105,5.05,202,0.54,720726.54,0.06,2814.01,0.77,18.4,201
0101000020E6100000DB38BDE6B0935EC0E20C5938A4CE4740,-122.3076722,0101000020110F000074E242790FF869C1A4F723264F0D5741,0.23,47.6143866,35,5.12,203,0.56,609564.86,0.57,1726.86,0.36,59.49,202
0101000020E61000004A4F47B6A98C5EC08A2EFBB743CF4740,-122.1978584,0101000020110F00001D92F06B17F269C17DFF1E1B180E5741,0.33,47.61925411,1,5.47,204,0.54,3000000,1,5090,0.19,3,203
0101000020E6100000C5CC994844845EC0FB9F7034CFCC4740,-122.0666677,0101000020110F0000B77951E9F5EA69C1DCA7C654000B5741,0.3,47.60007339,134,5.19,205,0.57,819228.53,0.33,2974.93,0.26,25.4,204
0101000020E6100000958E28A3008B5EC00660EA8423CE4740,-122.1719139,0101000020110F000082A9D367AEF069C1E73D3002AD0C5741,0.23,47.61045896,24,5.42,206,0.46,753145,0.58,2365.42,0.57,48.25,205
0101000020E6100000DBA337DC47945EC045E8906927CF4740,-122.316886,0101000020110F000087C7E0AE8FF869C1F592CC70F40D5741,0.24,47.61839027,18,4.99,207,0.57,629777.78,0.39,1475.56,0.27,59.5,206
0101000020E6100000CA970634C7945EC005845AFCBBCF4740,-122.3246584,0101000020110F000097D3E7D5FBF869C11CD077A5AF0E5741,0.27,47.62292437,5,4.77,209,0.56,766440,0.8,2354,0.14,90.4,208
0101000020E6100000B2ED597CAF935EC04C31495D99CF4740,-122.3075858,0101000020110F00001E327C450EF869C167B66F05840E5741,0.27,47.62186781,23,5.1,210,0.57,752103.26,0.48,1868.26,0.33,73.3,209
0101000020E6100000735A01CF07935EC07ACA83573FCF4740,-122.2973516,0101000020110F0000E0ACF9DC7FF769C1EA375997120E5741,0.28,47.61912054,93,5.27,211,0.54,549223.58,0.47,1482.94,0.24,54.06,210
0101000020E610000004C35ECDA6895EC008EF61E506CF4740,-122.1508058,0101000020110F0000D1770DB088EF69C1ABFBB278CB0D5741,0.38,47.61739795,25,5.15,212,0.5,711882.08,0.2,2521.6,0.6,37.88,211
0101000020E610000032D75878CD885EC0B9F19B802ECF4740,-122.1375409,0101000020110F0000CDE9821BD0EE69C1EBECB25FFD0D5741,0.46,47.61860664,28,5.09,215,0.53,564357.14,0.5,2114.64,0.46,45.75,214
0101000020E6100000254113BC7C865EC0CDAFA4E46ECF4740,-122.1013632,0101000020110F0000D66973B2D8EC69C1142A85814E0E5741,0.25,47.62057169,70,5.23,216,0.57,627166.7,0.5,2215.43,0.2,47.61,215
0101000020E6100000A400ACE9D5965EC07CFC31EF69D04740,-122.3568062,0101000020110F000020918F2BBBFA69C11C2D97D88A0F5741,0.25,47.62823286,25,4.96,217,0.56,1279820.6,0.6,2470,0.16,47.76,216
0101000020E610000052DE7D4482935EC0AD0A3FFE73D04740,-122.3048259,0101000020110F0000809B1ADEE7F769C1DEF2B085970F5741,0.3,47.62853983,51,5.25,218,0.56,1069191.86,0.65,2636.08,0.26,83.2,217
0101000020E610000021C3CF2456945EC0EF61A36AC3D04740,-122.3177578,0101000020110F00003BB76CD09BF869C102F4689DFB0F5741,0.27,47.63096364,31,5.11,219,0.59,1239594.19,0.68,2853.68,0.15,74.77,218
0101000020E6100000A36021CE1E955EC0164D672703D14740,-122.3300052,0101000020110F0000613D673C46F969C1E97854F14B105741,0.29,47.63290875,18,5.1,220,0.53,1002577.78,0.78,2156.33,0.06,41.06,219
0101000020E6100000F538C258157F5EC0A1B7BA9421CE4740,-121.9856779,0101000020110F00002E6688F18EE669C14CF11A91AA0C5741,0.34,47.61039981,64,5.21,221,0.47,869437.66,0.06,3544.78,1.17,13.84,220
0101000020E61000002A6AD553D0965EC023ED0C7469D14740,-122.3564653,0101000020110F000017E1326DB6FA69C11E9252E0CC105741,0.25,47.63603068,36,4.91,222,0.59,855382.78,0.36,1901.11,0.21,100.81,221
0101000020E61000001AC407767C975EC08D58B4CE32D14740,-122.3669715,0101000020110F00002B29A29E48FB69C112E7880088105741,0.24,47.63436302,58,4.92,223,0.57,984865.17,0.72,2214.36,0.17,77.19,222
0101000020E61000005E47C1F80E965EC0BC96EBC8ECD04740,-122.3446638,0101000020110F0000BA9D9D3512FA69C10FD930C02F105741,0.23,47.6322261,29,5.03,224,0.57,845672.41,0.59,1927.28,0.09,61.24,223
0101000020E6100000F02202C493875EC0AF969E5D7CD14740,-122.1183939,0101000020110F000032359DADC5ED69C14361A2B6E4105741,0.32,47.63660784,53,5.27,227,0.56,571153.77,0.26,2024.43,0.26,47.15,226
0101000020E6100000C19371E71D8B5EC019B590BAFCD04740,-122.1737002,0101000020110F000022EA0643C7F069C19ECD50D843105741,0.26,47.63271267,37,5.51,228,0.54,924571.95,0.46,3010.54,0.57,41.11,227
0101000020E6100000699C3C1BA8915EC04A48FF266FD14740,-122.2758854,0101000020110F0000329C912955F669C122DC2B0FD4105741,0.25,47.6362046,66,5.42,229,0.52,1574552.27,0.82,3141.89,0.1,65.15,228
0101000020E610000021133AF93E935EC0153FDF79D6D14740,-122.3007186,0101000020110F0000C985FBB6AEF769C14EE7C64A56115741,0.27,47.63935779,57,5.4,230,0.51,958285.96,0.72,2338.42,0.12,85.11,229
0101000020E6100000927538BA4A985EC087231F2627D14740,-122.379561,0101000020110F000004B03FCDF7FB69C106DBEB4E79105741,0.22,47.63400723,44,5.22,231,0.52,706327.25,0.75,2099.55,0.17,40.27,230
0101000020E610000020BAFB7758995EC0F6CAA3B836D94740,-122.3960247,0101000020110F00003096A1E4DCFC69C1FEDE1DB0A31A5741,0.2,47.69698246,45,5.26,291,0.54,726292.36,0.78,2207.11,0.1,55.18,290
0101000020E6100000BA8D61A989965EC06D1F8F6C70D24740,-122.3521522,0101000020110F00003FC0F8687AFA69C1355E1D5918125741,0.28,47.64405591,60,4.95,232,0.55,802354.83,0.78,2023.67,0.11,69.75,231
0101000020E610000079B361A89E945EC06CC9EC2489D24740,-122.3221837,0101000020110F00002E777866D9F869C138A29F8237125741,0.28,47.64481031,43,5.2,233,0.52,827560.42,0.58,2085.81,0.04,66.37,232
0101000020E6100000F3936A9F0E9A5EC069A0010E04D24740,-122.4071425,0101000020110F000012CFB89877FD69C1131457BE8F115741,0.23,47.64074874,136,5.3,234,0.57,973380.44,0.89,2509.74,0.12,68.04,233
0101000020E61000002FF76E980D825EC0E6A4411B4AD14740,-122.0320798,0101000020110F000075207B9F14E969C12706065EA5105741,0.3,47.63507405,103,5.1,235,0.54,631515.51,0.23,2468.16,0.6,25.68,234
0101000020E610000025146C6DAB955EC023AA090519D34740,-122.3385881,0101000020110F000082F59CAABDF969C1434F4DE3EC125741,0.26,47.64920104,57,4.99,236,0.52,651265.79,0.53,1801.93,0.09,57.35,235
0101000020E61000002A8BC22E0A945EC09051F932ACD44740,-122.3131215,0101000020110F00003F0CE34C5BF869C13AB9853DE9145741,0.13,47.6615051,2,6.32,244,0.54,764000,1,1980,0.22,96.5,243
0101000020E6100000950B957FAD945EC0C7C28C0059D44740,-122.3230895,0101000020110F00003DFF2101E6F869C14396B35480145741,0.2,47.65896613,33,5.54,245,0.54,638271.21,0.55,1751.76,0.15,74.03,244
0101000020E6100000CC6DB1915A8C5EC00F2A2F0111D74740,-122.1930279,0101000020110F0000283D9E34D4F169C1BBDF9321EE175741,0.25,47.68020644,64,5.35,292,0.53,725860.2,0.44,2257.34,0.34,33.44,291
0101000020E61000001FEA888D43955EC0EC9AB9554AD44740,-122.3322481,0101000020110F000070651D7265F969C16DEC16D66D145741,0.24,47.65851852,35,5.16,246,0.55,739710.03,0.37,1800.4,0.14,85.2,245
0101000020E61000008DE1FB2CE0955EC0125C596097D44740,-122.3418076,0101000020110F00003E3D3177EAF969C197E19AFBCE145741,0.24,47.66086964,38,5.02,247,0.54,593477.32,0.39,1442.63,0.2,85.29,246
0101000020E6100000EC34D25279965EC0CD6E561213D44740,-122.351155,0101000020110F000064E2B8886CFA69C110836F2728145741,0.27,47.65683202,73,4.97,248,0.55,577296.66,0.29,1579.11,0.16,47.53,247
0101000020E610000001ACE9D55B8F5EC09D7F6033E5D04740,-122.2399802,0101000020110F000002D6368B61F469C11776443126105741,0.27,47.63199465,51,5.37,249,0.52,2150594.71,0.41,3783.63,0.08,43.61,248
0101000020E6100000733BEA9E2B8D5EC08C33E1F2B3D34740,-122.2057874,0101000020110F0000C7BDCFC085F269C1362AAA37B0135741,0.32,47.6539291,23,5.56,250,0.52,1181056.52,0.52,2874.78,0.08,39.09,249
0101000020E6100000AA0EB9196E935EC0FB68273916D54740,-122.303595,0101000020110F0000E8DE5CBDD6F769C154D713F16E155741,0.16,47.6647407,2,6.9,251,0.49,596000,0.5,1465,0.31,81,250
0101000020E6100000FB57569A14975EC0A8ABF9F988D44740,-122.3606325,0101000020110F0000FB86B269F0FA69C10ACB22D3BC145741,0.24,47.66043019,66,4.98,252,0.52,610456.8,0.59,1687.27,0.14,69.71,251
0101000020E6100000625CBBFE6E8C5EC08BF9DAAF12D44740,-122.1942746,0101000020110F00004175A48DE5F169C1808542AB27145741,0.25,47.65682028,44,5.52,253,0.56,936593.52,0.57,2719.77,0.2,37.84,252
0101000020E6100000626FBD01418B5EC01E17D52222D44740,-122.1758427,0101000020110F00005E5F1713E5F069C1EB3F17263B145741,0.23,47.65729175,43,5.41,254,0.58,773625.95,0.28,2602.09,0.42,37.37,253
0101000020E6100000FC805193AA945EC0DEC3EB1B94D54740,-122.3229111,0101000020110F0000C6D0A185E3F869C1AD024AB30D165741,0.21,47.66858243,27,5.36,255,0.55,568516.67,0.48,1563.33,0.21,94.07,254
0101000020E6100000BD0743780F985EC0A2BA35C037D54740,-122.3759442,0101000020110F0000B3E86579C5FB69C10B27273999155741,0.23,47.66576388,58,5.1,256,0.5,514851.03,0.47,1404.66,0.15,34.5,255
0101000020E610000059FB3BDBA3885EC035A162FFE9D44740,-122.135001,0101000020110F000097C3D1C3ACEE69C1828A8A2B37155741,0.36,47.66339104,63,5.44,257,0.51,578447.46,0.49,2122.7,0.45,35.65,256
0101000020E61000001FA22CD736935EC0D0690EF7AED54740,-122.3002222,0101000020110F00006AD5B1CEA7F769C1D66221922F165741,0.21,47.66940201,33,5.81,258,0.5,651271.21,0.73,2046.06,0.37,89.21,257
0101000020E6100000A7CF0EB82E925EC0BD112741C9D54740,-122.2841015,0101000020110F000077AC277DC7F669C14B9B2EBA50165741,0.21,47.6702043,86,5.48,259,0.52,693616.2,0.77,1938.65,0.25,67.42,258
0101000020E61000004EE72F99CF905EC024C1C8897ED44740,-122.2626708,0101000020110F0000FB1835489DF569C148F98FA9AF145741,0.22,47.66011164,86,5.48,260,0.53,1212440.59,0.74,2693.6,0.08,72.34,259
0101000020E6100000052450B3F6935EC0A34ECCBCCDD54740,-122.3119324,0101000020110F00005FF40BC14AF869C1B5619D6156165741,0.2,47.67034111,27,5.82,261,0.53,741279.26,0.81,2179.63,0.27,93.44,260
0101000020E61000006CBC2A067E9A5EC0214DC47484D44740,-122.4139419,0101000020110F00007AADB435D6FD69C15D53EB1FB7145741,0.21,47.66029224,88,5.25,262,0.54,689462.26,0.69,1898.92,0.18,58.89,261
0101000020E61000000663E9E8DD895EC0B7A3CDAB99D54740,-122.1541693,0101000020110F00001A90977DB7EF69C181D60FB714165741,0.28,47.66875217,63,5.28,263,0.51,575244.86,0.43,2017.94,0.68,42.14,262
0101000020E6100000BCFCF3D926975EC023BE34C147D64740,-122.3617463,0101000020110F0000BC584DE9FFFA69C12D180947F0165741,0.25,47.67406478,55,4.87,264,0.53,603391.8,0.65,1766.36,0.22,73.67,263
0101000020E6100000E4B3869C88965EC05A434E0416D64740,-122.3520881,0101000020110F0000B815A28479FA69C1D80C1F8BB1165741,0.22,47.6725469,39,4.96,265,0.57,715498.72,0.56,1986.15,0.12,78.62,264
0101000020E6100000560E2DB21D985EC0C71DC23A86D64740,-122.3768125,0101000020110F0000C7177A8ED1FB69C1B8873F143F175741,0.23,47.67597136,107,5.1,266,0.52,557083.83,0.49,1533.83,0.25,62.23,265
0101000020E6100000A4D3A9E111925EC0DB952BF6F6D64740,-122.2823414,0101000020110F0000D4F748FFAEF669C18F327947CD175741,0.23,47.67941167,44,5.35,267,0.54,666828.07,0.68,2084.77,0.34,57.5,266
0101000020E6100000D6404EF3E9925EC0CFF29FE2F6D64740,-122.2955292,0101000020110F0000B7C62D8166F769C18968D12ECD175741,0.2,47.67940934,22,5.41,268,0.53,586509.23,0.5,1499.55,0.42,70.64,267
0101000020E6100000B3BC06D8228B5EC04CD886A38ED64740,-122.1740017,0101000020110F0000CD960975CBF069C1472AAAAF49175741,0.2,47.67622799,61,5.36,271,0.55,564643.28,0.16,1986.89,0.53,42.25,270
0101000020E61000003C4D66BCAD995EC01FE1CD7D66D64740,-122.401229,0101000020110F00004114834F25FD69C1DAE1DF0B17175741,0.21,47.67500279,98,5.19,272,0.52,650617.76,0.36,1709.69,0.12,56.24,271
0101000020E6100000944440CFB0855EC038B48ECBB4D54740,-122.0889166,0101000020110F00004394E0802BEC69C1E13D79EC36165741,0.3,47.66957993,41,5.14,273,0.5,704973.59,0.02,2553.17,0.43,22.24,272
0101000020E6100000B590DB8A58935EC07E0330F189D74740,-122.3022792,0101000020110F0000D256306EC4F769C19406C0B186185741,0.2,47.68389716,39,5.47,274,0.53,575592.31,0.64,1678.97,0.37,61.74,273
0101000020E6100000574FF74BD58F5EC034FE122B02D74740,-122.2473936,0101000020110F0000904667B3C8F469C147B46F6ADB175741,0.22,47.67975367,25,5.41,275,0.54,940583.2,0.84,2479.44,0.2,55.96,274
0101000020E6100000D4B1EF2F27875EC0523E0CC66BD94740,-122.1117668,0101000020110F000084C0667669ED69C1986E4AA2E61A5741,0.38,47.69860149,58,5.15,293,0.46,587968.28,0.43,2124.67,0.94,30.66,292
0101000020E61000006EE580B8868D5EC0A38AA8AACCD74740,-122.2113477,0101000020110F0000AB0DD81FD3F269C1237847DFDA185741,0.27,47.68593343,113,5.28,294,0.53,1031123.98,0.46,2566.1,0.15,37.67,293
0101000020E6100000AA23EC8090885EC031BB1F9EC2D74740,-122.1338198,0101000020110F000077E91E549CEE69C186CEC831CE185741,0.39,47.68562676,11,5.27,295,0.42,792659,0.27,2589.36,0.86,11,294
0101000020E6100000DAA3816962915EC0647FB0BEC7D84740,-122.2716316,0101000020110F000030E394F819F669C181D3BFA7171A5741,0.21,47.69359573,58,5.43,296,0.53,737287.48,0.69,2202.62,0.15,54.76,295
0101000020E6100000642C89A2F6935EC0EB1F443264D74740,-122.3119284,0101000020110F0000CD3CCCB24AF869C1F156A31357185741,0.19,47.68274525,66,5.44,276,0.56,590361.91,0.64,1797.95,0.25,83.23,275
0101000020E61000002002582E65965EC0520A5F04B2D74740,-122.3499256,0101000020110F0000A30A536D5BFA69C11FC55C40B9185741,0.24,47.68512015,78,4.98,277,0.56,556347.64,0.44,1569.55,0.12,78.47,276
0101000020E61000002050EC57F0975EC02823B238B1D74740,-122.3740444,0101000020110F00003DAFE209ABFB69C17FF3683FB8185741,0.24,47.68509587,99,5.04,278,0.54,542476.28,0.65,1587.07,0.36,78.61,277
0101000020E6100000781A7AD514975EC0F326F9F0B0D74740,-122.3606466,0101000020110F0000DFBAEC9BF0FA69C17C24EDE4B7185741,0.25,47.68508732,61,5.02,279,0.55,632330.2,0.69,1765.98,0.26,83.34,278
0101000020E61000007B7CE7BC6B925EC043D0A82BE5D74740,-122.2878258,0101000020110F000041D9F14FFBF669C1707357C9F9185741,0.22,47.68668123,43,5.36,280,0.56,557908.6,0.6,1619.63,0.29,65.21,279
0101000020E610000030F488D1F3825EC08D5E2E5E03D54740,-122.0461315,0101000020110F00004CA1C726D8E969C10570E22957155741,0.28,47.66416528,49,5.16,281,0.52,737770.92,0.12,2890.2,0.65,32.16,280
0101000020E61000006A38C02731955EC0BD725A43EBD74740,-122.3311252,0101000020110F0000440518D255F969C1307D147901195741,0.19,47.68686716,85,5.17,282,0.57,644645.98,0.58,1846.89,0.1,73.26,281
0101000020E61000009600A19AB7865EC0A02413A6DED74740,-122.1049563,0101000020110F0000E677E0B10AED69C19982F88EF1185741,0.34,47.6864822,34,5.12,283,0.5,612005,0.35,2407.65,0.69,29.24,282
0101000020E6100000D5F2B9C95E995EC0E59C33FDEDD74740,-122.3964104,0101000020110F00009EB49442E2FC69C1A12280E904195741,0.22,47.68695035,123,5.18,284,0.55,572290.41,0.55,1663.66,0.22,68.59,283
0101000020E61000001B1D46F7E2955EC0036D9B77D6D84740,-122.3419779,0101000020110F00002DCBD6D5ECF969C1B3D7533B2A1A5741,0.2,47.69404502,86,5.24,285,0.56,428673.88,0.24,1523.55,0.21,31.76,284
0101000020E6100000FAA2F3D0AD875EC009D9FD53BFD74740,-122.1199839,0101000020110F0000AEBE8CCDDBED69C1CFF15B0BCA185741,0.36,47.68552637,48,5.13,286,0.48,555257.44,0.6,2025.21,0.71,36.83,285
0101000020E6100000B5AE2C2C13935EC0F3F332CC01D94740,-122.2980452,0101000020110F0000E4D0BB8389F769C1F6DC12E8601A5741,0.2,47.69536736,45,5.41,287,0.53,539055.11,0.64,1779.16,0.37,62.62,286
0101000020E6100000E8830AB3F5935EC0B0C33D3B05D94740,-122.3118713,0101000020110F0000871365E749F869C116FB453D651A5741,0.19,47.69547215,63,5.4,288,0.56,491892.06,0.48,1504.08,0.39,60.59,287
0101000020E61000009EDB3AEE4A975EC07B62A59B27D94740,-122.3639484,0101000020110F0000F9C9AC8D1EFB69C12E38FD9D901A5741,0.2,47.69652124,74,5.23,297,0.54,438634.3,0.27,1342.65,0.34,57.59,296
0101000020E6100000ED1C14DEAF965EC0D795856522D94740,-122.3544841,0101000020110F0000C29CB8DB9AFA69C1AB80850A8A1A5741,0.2,47.6963622,42,5.27,298,0.55,410115.1,0.31,1329.52,0.35,59.33,297
0101000020E61000003198BF42E6955EC0CDC5C659E4D94740,-122.342179,0101000020110F000003C533A2EFF969C105ACCACB7E1B5741,0.18,47.70228121,75,5.28,299,0.55,373724.75,0.35,1437.28,0.38,43.61,298
0101000020E610000086E81038128B5EC0110F9336F6D84740,-122.172987,0101000020110F0000D3F57256BDF069C148C1FB49521A5741,0.22,47.69501383,61,5.55,300,0.51,560355.74,0.28,2040.98,0.58,34.43,299
0101000020E610000004464DAA6C7E5EC02FDEB0E998D44740,-121.9753824,0101000020110F00004F9DA8AEFFE569C1C9309BEBD0145741,0.27,47.66091653,105,5.29,301,0.45,723896.62,0.21,2970.19,1.38,25.32,300
0101000020E61000004A4EDCE07A985EC0E2EB0833AFD94740,-122.3824999,0101000020110F0000719D44B220FC69C16F2970B83B1B5741,0.21,47.70065916,59,5.18,302,0.56,685990.34,0.54,1990.37,0.19,53.69,301
0101000020E6100000CD6ACBCAC08C5EC0E611B3C927DA4740,-122.1992671,0101000020110F0000D7540B062BF269C1AC952EE7D31B5741,0.24,47.70433923,25,5.39,303,0.53,531880,0.64,1955.84,0.19,39.84,302
0101000020E6100000E61E12BEF7895EC0708C8D0E82D84740,-122.155746,0101000020110F0000D070266ECDEF69C1EE0FD2B9BF195741,0.25,47.69146902,42,5.45,304,0.49,622806.9,0.14,2303,0.73,30.64,303
0101000020E6100000CB5FC6B9F2925EC022C9E6896BDA4740,-122.2960648,0101000020110F0000AC171BF56DF769C16484C068291C5741,0.21,47.70640682,23,5.6,305,0.5,481873.91,0.57,1822.17,0.31,62.96,304
0101000020E6100000598BAABAA2935EC04A8A7E2370DA4740,-122.3068072,0101000020110F00003711F06F03F869C18C77FC362F1C5741,0.17,47.7065472,31,5.34,306,0.52,475035.48,0.58,1745,0.44,59.19,305
0101000020E6100000B5C01E13A9945EC0102D26F482DA4740,-122.3228195,0101000020110F00003218553FE2F869C195CC1AF6461C5741,0.16,47.70712139,35,5.54,307,0.53,420647.14,0.49,1652.14,0.51,51.09,306
0101000020E610000077E569AF74975EC05237610C76DA4740,-122.3664969,0101000020110F0000AA87000442FB69C1C3C265AC361C5741,0.17,47.70672755,61,5.2,308,0.56,475582.57,0.46,1599.51,0.26,53.16,307
0101000020E6100000CADDE7F8688C5EC083CA8D5C16DB4740,-122.193907,0101000020110F000046422B70E0F169C133ECAE03011D5741,0.24,47.71161992,28,5.35,309,0.5,429807.82,0.29,1682.5,0.34,37.82,308
0101000020E6100000420B64D14F915EC028BE350B8FDA4740,-122.2704967,0101000020110F00004C5CD02D0AF669C1CA986D38561C5741,0.19,47.70749035,29,5.5,310,0.53,816660.34,0.66,2561.38,0.04,61.93,309
0101000020E6100000EF3DB72B4F925EC0960CBE380ADB4740,-122.2860822,0101000020110F0000D9F9D90CE3F669C1F3CEF4B0F11C5741,0.19,47.71124944,44,5.48,311,0.53,452263.64,0.39,1569.36,0.14,63.52,310
0101000020E61000006BF706BA51935EC0DA0C26B49BDB4740,-122.3018632,0101000020110F00006FC34DA4BEF769C1698AFC53A91D5741,0.18,47.7156892,45,5.47,312,0.53,422867.24,0.36,1601.49,0.35,42.98,311
0101000020E610000016A64AEF768E5EC08120E5CC9BDA4740,-122.2260092,0101000020110F0000500663239FF369C177082152661C5741,0.24,47.70787965,86,5.51,313,0.57,665604.1,0.5,2396.4,0.19,33.86,312
0101000020E6100000C42C0F2D8D965EC08B062107C2DB4740,-122.3523667,0101000020110F00003D9411657DFA69C1B398B4B4D91D5741,0.12,47.71685876,46,5.15,314,0.59,430644.57,0.48,1670.37,0.33,57.61,313
0101000020E6100000F358333248955EC097985FB4E4DB4740,-122.3325315,0101000020110F0000A526A66369F969C1C291FA7A051E5741,0.15,47.71791701,102,5.46,315,0.54,404871.57,0.31,1559.82,0.57,53.1,314
0101000020E61000003157AB1B94825EC0D2B01004E5DA4740,-122.0402898,0101000020110F0000FC6B56DD86E969C199F5EFBAC21C5741,0.24,47.71011401,115,5.24,316,0.44,630844.46,0.03,2135.04,1.56,11.77,315
0101000020E6100000B5C189E8578A5EC08A10AA1689DC4740,-122.1616155,0101000020110F000058489F1A1FF069C1C8A60D01D51E5741,0.24,47.72293361,60,5.25,317,0.49,471548.08,0.53,2004.83,0.78,36.68,316
0101000020E6100000DC0D47FCAF8C5EC0CCE461C2E4DC4740,-122.1982413,0101000020110F0000A749EABF1CF269C144B8B2BD481F5741,0.17,47.72573118,59,5.49,318,0.48,415255.59,0.41,1679.32,0.57,40.88,317
0101000020E61000000E49D2DAD98E5EC087414FB9F8DC4740,-122.2320468,0101000020110F0000382DAB26F3F369C189B098F2611F5741,0.21,47.72634045,86,5.46,319,0.57,403017.72,0.24,1562.6,0.43,42.97,318
0101000020E610000025BCF37A668B5EC0DE9025F7E4DB4740,-122.1781299,0101000020110F0000E0FE9BE604F169C1408645CF051E5741,0.22,47.71792497,56,5.33,320,0.5,439950,0.34,1904.11,0.65,44.2,319
0101000020E6100000A38BF27112925EC041370BE6F5DC4740,-122.2823758,0101000020110F0000BC55D379AFF669C18D3C6B615E1F5741,0.17,47.72625423,55,5.68,321,0.55,525288.13,0.45,1920.67,0.11,56.22,320
0101000020E6100000E9FEFB9DB78D5EC0275216953FDC4740,-122.2143321,0101000020110F000035C3F1A6FCF269C1E3677D34781E5741,0.22,47.72069038,74,5.63,322,0.53,431120.23,0.58,1767.41,0.35,42.84,321
0101000020E610000098384DFAD6935EC0BD7ACB8B02DD4740,-122.3099962,0101000020110F00003881DECF2FF869C1EDD655596E1F5741,0.16,47.7266402,92,5.68,323,0.54,397754.4,0.39,1630.49,0.37,57.7,322
0101000020E6100000BAE5D99B4E955EC011BD94D381DD4740,-122.3329229,0101000020110F00004544E7D56EF969C11F26A00E0F205741,0.11,47.73052449,56,5.33,324,0.57,373261.84,0.29,1443.57,0.52,46.68,323
0101000020E6100000F72D292D92965EC04F82CC084EDD4740,-122.3526719,0101000020110F00004F6442A481FA69C161304FA9CD1F5741,0.12,47.72894392,31,5.5,325,0.61,433900,0.16,1662.26,0.27,39.42,324
0101000020E61000002565411743865EC00FC0BCB6EDDC4740,-122.0978449,0101000020110F0000F3AA7ABDA7EC69C110F0F10B541F5741,0.27,47.72600445,47,5.11,328,0.42,682500.45,0.26,2750.64,1.43,30.74,327
0101000020E610000029931ADA00905EC078A0A93267DB4740,-122.250052,0101000020110F0000120B38B1EDF469C1574ED00C671D5741,0.22,47.71408685,42,5.43,329,0.55,1036135.71,0.55,2890.71,0.09,39.24,328
0101000020E61000009299661591845EC0E30ABD38D0DB4740,-122.0713552,0101000020110F000003EC3D2337EB69C10761999FEB1D5741,0.26,47.71729192,60,5.19,330,0.39,837733.33,0.1,3264.97,1.46,31.12,329
0101000020E610000056197C5006945EC058CE39D3DFDE4740,-122.3128854,0101000020110F00002B8CD80358F869C10DF4B609C9215741,0.15,47.7412056,60,5.7,331,0.56,350003.6,0.23,1473.83,0.44,60.82,330
0101000020E6100000B3FAD97E68955EC084599166E6DE4740,-122.3345029,0101000020110F0000D38237D284F969C1E163AC57D1215741,0.11,47.74140627,79,5.49,332,0.54,361975.01,0.48,1627.72,0.57,59.67,331
0101000020E6100000E2BA18B95D925EC07DA3EBFCBADE4740,-122.2869704,0101000020110F0000658DD168EFF669C16381F6839A215741,0.2,47.74008142,54,5.62,333,0.55,598149.44,0.39,2079.63,0.11,53.93,332
0101000020E6100000593FEC3B758E5EC062B96B2A07DF4740,-122.2259054,0101000020110F00003FC4A0B19DF369C1151425B9FA215741,0.2,47.74240618,89,5.54,334,0.54,490259.16,0.26,2258.33,0.44,30.71,333
0101000020E6100000DA30540F62905EC01E2A950922DF4740,-122.2559851,0101000020110F00002E963F4040F569C1D75E5CA91C225741,0.2,47.74322624,73,5.53,335,0.56,493085.73,0.55,2119.52,0.2,43.11,334
0101000020E6100000689DA7F056975EC0D1A1C2C716DF4740,-122.3646814,0101000020110F00005DF1C8C028FB69C109FBAB710E225741,0.15,47.7428827,36,5.52,336,0.59,454255.78,0.44,1954.17,0.35,55.83,335
0101000020E61000009E4DFD729C8B5EC03D326F3820DF4740,-122.1814239,0101000020110F00009D0193BC32F169C104A8E25D1A225741,0.22,47.74317079,35,5.47,337,0.47,455265.03,0.43,2008,0.91,36,336
0101000020E6100000372273C0898A5EC021293B60CBDE4740,-122.1646577,0101000020110F0000E4809E6F49F069C13C544936AF215741,0.2,47.74058154,51,5.46,338,0.47,486460.59,0.53,2164.43,0.99,32.08,337
0101000020E61000007720A11CBB8C5EC04B06DBE360DF4740,-122.1989204,0101000020110F00003974053326F269C154DF850B6C225741,0.17,47.74514435,60,5.41,339,0.47,491205.42,0.42,2085.82,0.76,35.47,338
0101000020E610000079DF9D2141955EC0E888D750C5E04740,-122.3321003,0101000020110F000017409E6363F969C1889AF1442E245741,0.13,47.7560216,46,5.7,340,0.53,369911.3,0.41,1735.54,0.65,55.98,339
0101000020E6100000EEC968893A965EC0E6E1CAFAC9E04740,-122.3473228,0101000020110F0000918A913537FA69C16364422934245741,0.16,47.75616393,36,5.59,341,0.57,388637.5,0.42,1749.72,0.46,57.92,340
0101000020E6100000CC666902A0925EC0E76DAE9276E04740,-122.2910162,0101000020110F0000B5FCDCB427F769C1639ACCCBCA235741,0.19,47.75361856,54,5.74,342,0.54,449779.63,0.33,1769.81,0.19,58.8,341
0101000020E6100000AE72576515945EC07F0173E3CCE04740,-122.3138059,0101000020110F00007470DFD264F869C1D023FCD537245741,0.15,47.7562527,82,5.82,343,0.57,351025.59,0.27,1517.07,0.47,58.32,342
0101000020E6100000FEA1F4E0C9975EC0F369A1A60EE14740,-122.3716967,0101000020110F00003757DA5E8AFB69C1B56E50EA8A245741,0.16,47.75825961,67,5.66,344,0.58,610576.12,0.58,2204.33,0.23,56.43,343
0101000020E6100000D7C8096E7F825EC0C242D6E88FE04740,-122.0390277,0101000020110F0000F07D744D75E969C174436BCDEA235741,0.21,47.75439177,80,5.29,345,0.34,603335.63,0.21,2584.5,2.15,30.81,344
0101000020E61000000FAB894FCB855EC095726B90D1E04740,-122.0905341,0101000020110F0000CB2BC60242EC69C1224C1FBE3D245741,0.21,47.75639539,109,5.23,346,0.34,520323.5,0.34,2328.82,2.02,37.33,345
0101000020E61000008995760FF5875EC065F259E0A3E04740,-122.1243323,0101000020110F0000F1F9854F18EE69C177CD9C0604245741,0.21,47.75500111,58,5.24,347,0.4,679548.97,0.29,2527.07,1.71,37.81,346
0101000020E61000006CE1C33673895EC024A2904B39E14740,-122.1476571,0101000020110F0000B3C7ADDF5CEF69C1BF8467CAC0245741,0.18,47.75956101,43,5.04,348,0.39,515228.49,0.51,2332.56,1.57,34.93,347
0101000020E610000082AD122C0E8B5EC00C23397039E24740,-122.17274,0101000020110F00004F6E94E6B9F069C1B456F86B04265741,0.19,47.76737788,61,5.36,349,0.39,490970.08,0.26,2205.41,1.3,23.26,348
0101000020E61000000352AC64918C5EC01C05A99002E24740,-122.1963741,0101000020110F000018F587C402F269C1B7272516BF255741,0.16,47.76570328,36,5.44,350,0.46,445351.39,0.53,2112.22,0.82,47.28,349
0101000020E610000084BD8921B98D5EC026E9B366D8E14740,-122.2144245,0101000020110F0000E70618F0FDF269C153D0CECF89255741,0.16,47.76441654,33,5.53,351,0.48,459613.64,0.36,2196.97,0.61,40.76,350
0101000020E6100000113D844C0D8F5EC060D76112CFE14740,-122.2351867,0101000020110F000015E3B1D71EF469C1B81D2C067E255741,0.19,47.76413183,76,5.56,352,0.48,452311.45,0.17,2120.92,0.42,28.07,351
0101000020E6100000341E5B8583905EC0116490FD24E24740,-122.2580274,0101000020110F00005BBB60AB5CF569C163C4A395EA255741,0.19,47.76675386,64,5.48,353,0.52,436232.61,0.63,2171.41,0.31,43.3,352
0101000020E6100000467EFD109B915EC089006DCCE7E14740,-122.2750895,0101000020110F0000F41A65164AF669C1E5D732449D255741,0.18,47.76488643,81,5.58,354,0.55,525512.04,0.74,2361.98,0.3,47.25,353
0101000020E61000003AE1CA7E02935EC03C6B964F7FE24740,-122.2970273,0101000020110F00007403BF597BF769C1BA1B69B65C265741,0.19,47.76951022,49,5.68,355,0.51,415310.2,0.43,1980.2,0.5,49.24,354
0101000020E61000002A4E5A5D73945EC026A09121AAE24740,-122.3195413,0101000020110F0000F790A6A1B4F869C1516568D292265741,0.16,47.77081699,39,5.83,356,0.51,339014.05,0.56,1533.85,0.69,51.46,355
0101000020E610000074B515FBCB955EC0D8D799C69FE24740,-122.340575,0101000020110F000008396550D9F969C10BCB81BC85265741,0.16,47.77050097,63,5.91,357,0.56,376761.51,0.41,1724.44,0.6,56.25,356
0101000020E610000002AC9F4841975EC04DD43507C6E24740,-122.3633596,0101000020110F0000ECD53C5C16FB69C1C8EB0E13B6265741,0.18,47.77166834,55,5.61,358,0.58,445723.36,0.58,1971.27,0.38,52.18,357
0101000020E6100000885D2569C8985EC0E576165AA9E24740,-122.3872321,0101000020110F0000BE4C6C8B62FC69C1941855D691265741,0.18,47.77079321,36,5.39,359,0.54,677984.72,0.69,2489.44,0.11,47.44,358
